{
  "mean": [
    0.07360981982613596,
    0.09050429978868114,
    0.088424486670676,
    0.23411891001104926
  ],
  "std": [
    0.03195036936277572,
    0.03209466594529956,
    0.04360400036353538,
    0.06851318937359503
  ],
  "note": "Computed on clean train split after clipping bands to [0, 1]."
}